scenario,method,rejection_reason,count
resource_moderate,full_outer_loop,constraint_violation_not_allowed|critical_recovery_too_low_vs_reference|generated_not_competitive_vs_baseline_tolerance|invalid_action_not_allowed|multi_layer_recovery_regression|no_final_progress_and_not_late_stage|not_finish_oriented_under_zero_success|progress_delta_too_low_vs_reference|resource_sustainability_collapse,2
resource_moderate,full_outer_loop,constraint_violation_not_allowed|critical_recovery_too_low_vs_reference|generated_not_competitive_vs_baseline_tolerance|invalid_action_not_allowed|multi_layer_recovery_regression|no_final_progress_and_not_late_stage|not_finish_oriented_under_zero_success|progress_delta_too_low_vs_reference|resource_sustainability_collapse|wait_hold_overuse_with_low_progress,1
resource_moderate,single_shot_llm,constraint_violation_not_allowed|invalid_action_not_allowed|no_final_progress_and_not_late_stage|resource_sustainability_collapse,2
resource_moderate,single_shot_llm,constraint_violation_not_allowed|invalid_action_not_allowed|resource_sustainability_collapse,1
standard_moderate,full_outer_loop,constraint_violation_not_allowed|critical_recovery_too_low_vs_reference|generated_not_competitive_vs_baseline_tolerance|invalid_action_not_allowed|multi_layer_recovery_regression|no_final_progress_and_not_late_stage|not_finish_oriented_under_zero_success|progress_delta_too_low_vs_reference|resource_sustainability_collapse,3
standard_moderate,single_shot_llm,constraint_violation_not_allowed|invalid_action_not_allowed|resource_sustainability_collapse,3
standard_severe,full_outer_loop,constraint_violation_not_allowed|critical_recovery_too_low_vs_reference|generated_not_competitive_vs_baseline_tolerance|invalid_action_not_allowed|multi_layer_recovery_regression|no_final_progress_and_not_late_stage|not_finish_oriented_under_zero_success|progress_delta_too_low_vs_reference|resource_sustainability_collapse,3
standard_severe,single_shot_llm,constraint_violation_not_allowed|invalid_action_not_allowed|no_final_progress_and_not_late_stage|resource_sustainability_collapse,1
standard_severe,single_shot_llm,constraint_violation_not_allowed|invalid_action_not_allowed|resource_sustainability_collapse,2
