seed,method,selection_score,min_recovery_ratio,critical_load_recovery_ratio,fallback_round_count,winner_sources,selected_candidate_ids,top_rejection_reasons
42,single_shot_llm,0.3455287645061811,0.5891944567362467,0.9092339475949606,1,noop_fallback,r1_backstop,resource_sustainability_collapse|no_final_progress_and_not_late_stage|constraint_violation_not_allowed|invalid_action_not_allowed
42,full_outer_loop,0.3455287645061811,0.5891944567362467,0.9092339475949606,3,noop_fallback|noop_fallback|noop_fallback,r1_backstop|r2_backstop|r2_backstop,no_final_progress_and_not_late_stage|multi_layer_recovery_regression|critical_recovery_too_low_vs_reference|progress_delta_too_low_vs_reference|resource_sustainability_collapse
42,ablation_fixed_global,0.3455287645061811,0.5891944567362467,0.9092339475949606,3,noop_fallback|noop_fallback|noop_fallback,r1_backstop|r2_backstop|r2_backstop,no_final_progress_and_not_late_stage|multi_layer_recovery_regression|critical_recovery_too_low_vs_reference|progress_delta_too_low_vs_reference|resource_sustainability_collapse
43,single_shot_llm,0.3466911071737607,0.5890894134839376,0.9139358202616373,1,safe_anchor,r1_anchor,resource_sustainability_collapse|no_final_progress_and_not_late_stage|constraint_violation_not_allowed|invalid_action_not_allowed
43,full_outer_loop,0.3500820246736209,0.5892994999885559,0.9273271262645721,3,safe_anchor|noop_fallback|noop_fallback,r1_anchor|r2_backstop|r3_backstop,no_final_progress_and_not_late_stage|resource_sustainability_collapse|critical_recovery_too_low_vs_reference|multi_layer_recovery_regression|progress_delta_too_low_vs_reference
43,ablation_fixed_global,0.3500820246736209,0.5892994999885559,0.9273271262645721,3,safe_anchor|noop_fallback|noop_fallback,r1_anchor|r2_backstop|r3_backstop,no_final_progress_and_not_late_stage|multi_layer_recovery_regression|critical_recovery_too_low_vs_reference|progress_delta_too_low_vs_reference|resource_sustainability_collapse
44,single_shot_llm,0.34867744902769726,0.5891944567362467,0.9217936297257742,1,noop_fallback,r1_backstop,resource_sustainability_collapse|no_final_progress_and_not_late_stage|constraint_violation_not_allowed|invalid_action_not_allowed
44,full_outer_loop,0.33487092598279317,0.5890894134839376,0.8667135834693909,3,noop_fallback|noop_fallback|noop_fallback,r1_backstop|r2_backstop|r3_backstop,no_final_progress_and_not_late_stage|resource_sustainability_collapse|multi_layer_recovery_regression|critical_recovery_too_low_vs_reference|progress_delta_too_low_vs_reference
44,ablation_fixed_global,0.33487092598279317,0.5890894134839376,0.8667135834693909,3,noop_fallback|noop_fallback|noop_fallback,r1_backstop|r2_backstop|r3_backstop,no_final_progress_and_not_late_stage|resource_sustainability_collapse|critical_recovery_too_low_vs_reference|multi_layer_recovery_regression|progress_delta_too_low_vs_reference
