scenario,seed,method_a,method_b,candidate_source_a,candidate_source_b,selected_candidate_id_a,selected_candidate_id_b,fallback_used_a,fallback_used_b,assessment
standard_moderate,43,single_shot_llm,full_outer_loop,provenance_unavailable,provenance_unavailable,,,,,needs_review
standard_moderate,44,single_shot_llm,full_outer_loop,provenance_unavailable,provenance_unavailable,,,,,needs_review
resource_moderate,42,ablation_fixed_global,full_outer_loop,noop_fallback,noop_fallback,r2_backstop,r2_backstop,True,True,needs_review
resource_moderate,42,ablation_fixed_global,single_shot_llm,noop_fallback,noop_fallback,r2_backstop,r1_backstop,True,True,needs_review
resource_moderate,42,full_outer_loop,single_shot_llm,noop_fallback,noop_fallback,r2_backstop,r1_backstop,True,True,needs_review
resource_moderate,43,ablation_fixed_global,full_outer_loop,noop_fallback,noop_fallback,r3_backstop,r3_backstop,True,True,needs_review
resource_moderate,44,ablation_fixed_global,full_outer_loop,noop_fallback,noop_fallback,r3_backstop,r3_backstop,True,True,needs_review
standard_severe,43,single_shot_llm,ablation_fixed_global,provenance_unavailable,provenance_unavailable,,,,,needs_review
standard_severe,44,full_outer_loop,ablation_fixed_global,provenance_unavailable,provenance_unavailable,,,,,needs_review
